student_id,study_hours,math,science,english,total,average
1,3.6,59.0,58.0,62.0,179.0,59.7
2,7.7,89.0,99.0,76.0,264.0,88.0
3,6.1,80.0,74.0,73.0,227.0,75.7
4,5.2,56.0,91.0,65.0,212.0,70.7
5,2.1,45.0,53.0,53.0,151.0,50.3
6,2.1,50.0,41.0,58.0,149.0,49.7
7,1.4,53.0,34.0,62.0,149.0,49.7
8,7.1,83.0,87.0,68.0,238.0,79.3
9,5.2,65.0,68.0,85.0,218.0,72.7
10,6.0,74.0,81.0,56.0,211.0,70.3
11,1.1,46.0,44.0,46.0,136.0,45.3
12,7.8,95.0,87.0,86.0,268.0,89.3
13,6.8,80.0,74.0,78.0,232.0,77.3
14,2.5,54.0,38.0,50.0,142.0,47.3
15,2.3,49.0,46.0,52.0,147.0,49.0
16,2.3,56.0,56.0,50.0,162.0,54.0
17,3.1,49.0,56.0,53.0,158.0,52.7
18,4.7,65.0,56.0,72.0,193.0,64.3
19,4.0,59.0,62.0,65.0,186.0,62.0
20,3.0,42.0,57.0,51.0,150.0,50.0
21,5.3,75.0,63.0,76.0,214.0,71.3
22,2.0,48.0,48.0,54.0,150.0,50.0
23,3.0,54.0,54.0,64.0,172.0,57.3
24,3.6,57.0,49.0,65.0,171.0,57.0
25,4.2,52.0,65.0,56.0,173.0,57.7
26,6.5,79.0,83.0,70.0,232.0,77.3
27,2.4,46.0,58.0,60.0,164.0,54.7
28,4.6,60.0,74.0,70.0,204.0,68.0
29,5.1,70.0,58.0,67.0,195.0,65.0
30,1.3,44.0,35.0,49.0,128.0,42.7
31,5.3,87.0,74.0,79.0,240.0,80.0
32,2.2,49.0,53.0,48.0,150.0,50.0
33,1.5,44.0,48.0,54.0,146.0,48.7
34,7.6,90.0,100.0,78.0,268.0,89.3
35,7.8,77.0,92.0,79.0,248.0,82.7
36,6.7,83.0,89.0,84.0,256.0,85.3
37,3.1,55.0,62.0,64.0,181.0,60.3
38,1.7,63.0,50.0,57.0,170.0,56.7
39,5.8,75.0,71.0,81.0,227.0,75.7
40,4.1,65.0,68.0,63.0,196.0,65.3
41,1.9,45.0,40.0,57.0,142.0,47.3
42,4.5,57.0,63.0,62.0,182.0,60.7
43,1.2,49.0,38.0,51.0,138.0,46.0
44,7.4,95.0,85.0,78.0,258.0,86.0
45,2.8,59.0,71.0,57.0,187.0,62.3
46,5.6,68.0,57.0,75.0,200.0,66.7
47,3.2,67.0,61.0,51.0,179.0,59.7
48,4.6,56.0,52.0,82.0,190.0,63.3
49,4.8,73.0,63.0,58.0,194.0,64.7
50,2.3,66.0,58.0,44.0,168.0,56.0
51,7.8,84.0,88.0,90.0,262.0,87.3
52,6.4,77.0,69.0,80.0,226.0,75.3
53,7.6,92.0,80.0,85.0,257.0,85.7
54,7.3,84.0,90.0,84.0,258.0,86.0
55,5.2,59.0,64.0,68.0,191.0,63.7
56,7.5,91.0,87.0,72.0,250.0,83.3
57,1.6,34.0,45.0,51.0,130.0,43.3
58,2.4,53.0,45.0,49.0,147.0,49.0
59,1.3,33.0,59.0,56.0,148.0,49.3
60,3.3,69.0,61.0,57.0,187.0,62.3
61,3.7,53.0,43.0,54.0,150.0,50.0
62,2.9,51.0,55.0,54.0,160.0,53.3
63,6.8,91.0,75.0,79.0,245.0,81.7
64,3.5,48.0,64.0,55.0,167.0,55.7
65,3.0,56.0,48.0,50.0,154.0,51.3
66,4.8,79.0,66.0,68.0,213.0,71.0
67,2.0,33.0,51.0,54.0,138.0,46.0
68,6.6,84.0,86.0,71.0,241.0,80.3
69,1.5,44.0,34.0,46.0,124.0,41.3
70,7.9,99.0,86.0,83.0,268.0,89.3
71,6.4,71.0,74.0,62.0,207.0,69.0
72,2.4,39.0,45.0,43.0,127.0,42.3
73,1.0,42.0,54.0,41.0,137.0,45.7
74,6.7,86.0,83.0,74.0,243.0,81.0
75,5.9,79.0,64.0,74.0,217.0,72.3
76,6.1,82.0,83.0,84.0,249.0,83.0
77,6.4,76.0,95.0,81.0,252.0,84.0
78,1.5,44.0,52.0,48.0,144.0,48.0
79,3.5,60.0,45.0,59.0,164.0,54.7
80,1.8,39.0,42.0,43.0,124.0,41.3
81,7.0,100.0,92.0,77.0,269.0,89.7
82,5.4,77.0,65.0,67.0,209.0,69.7
83,3.3,47.0,60.0,61.0,168.0,56.0
84,1.4,46.0,49.0,42.0,137.0,45.7
85,3.2,48.0,48.0,62.0,158.0,52.7
86,3.3,63.0,56.0,71.0,190.0,63.3
87,6.1,88.0,50.0,72.0,210.0,70.0
88,5.5,67.0,63.0,73.0,203.0,67.7
89,7.2,95.0,81.0,84.0,260.0,86.7
90,4.3,68.0,53.0,60.0,181.0,60.3
91,1.8,51.0,59.0,53.0,163.0,54.3
92,6.0,93.0,64.0,72.0,229.0,76.3
93,6.3,78.0,74.0,74.0,226.0,75.3
94,4.9,63.0,68.0,60.0,191.0,63.7
95,6.4,74.0,89.0,74.0,237.0,79.0
96,4.5,59.0,53.0,68.0,180.0,60.0
97,4.7,67.0,75.0,77.0,219.0,73.0
98,4.0,65.0,61.0,70.0,196.0,65.3
99,1.2,42.0,34.0,65.0,141.0,47.0
100,1.8,51.0,49.0,45.0,145.0,48.3
